VendorNumber,Classification,VendorName,BrandCount,PurchaseCost,Revenue,GrossProfit,AdjustedProfit,InventoryAtRisk,EndingInventoryUnits,AvgLeadDaysWeightedSum,AvgLeadDaysWeight,GrossMarginPct,AdjustedMarginPct,AvgLeadDays
3960,1,DIAGEO NORTH AMERICA INC,414,50948428.45,68719877.81,17771449.36,17514474.63016941,7168653.31,561577.0,1836301.0,243234.0,25.860711523869924,25.48676625792942,7.5495243263688465
4425,2,MARTIGNETTI COMPANIES,1409,20663059.25,31672048.21,11008988.959999999,10901505.118530663,4865988.57,393889.0,1169060.0,149875.0,34.75932117495346,34.419956190546166,7.80023352793995
1392,2,CONSTELLATION BRANDS INC,408,12804190.86,20796398.38,7992207.52,7926822.279535683,1846901.31,270609.0,1238097.0,160142.0,38.43072908088809,38.11632252226399,7.731244770266389
12546,1,JIM BEAM BRANDS COMPANY,381,24061425.94,31668276.53,7606850.59,7483695.023236292,3773240.26,389452.0,1412899.0,188068.0,24.020412297441812,23.63151975178326,7.512702852159857
17035,1,PERNOD RICARD USA,176,22783599.65,30215785.939999998,7432186.289999999,7315284.106551772,3284483.06,220705.0,729666.0,96629.0,24.59703118349534,24.210140093915996,7.551211334071552
480,1,BACARDI USA INC,159,17138782.4,24266308.99,7127526.589999999,7040700.383122073,1985887.77,171526.0,653874.0,84918.0,29.37210843617466,29.0143028592585,7.700063590758143
3252,2,E & J GALLO WINERY,458,9863092.01,15216257.36,5353165.35,5303433.468362317,1265150.81,186984.0,1070554.0,140660.0,35.18056525563392,34.85373139326501,7.61093416749609
1128,1,BROWN-FORMAN CORP,117,12752390.0,17251335.13,4498945.13,4434283.486541455,1731649.81,126964.0,411956.0,54483.0,26.078822862680077,25.7040017663923,7.561184222601545
8004,1,SAZERAC CO INC,140,9886501.9,13204461.29,3317959.3899999997,3267819.2781842123,1039260.84,126456.0,687103.0,91212.0,25.127563458516526,24.747842463357415,7.533032934263035
9552,2,M S WALKER INC,750,5887602.38,8962544.06,3074941.68,3045033.8076688363,1399556.59,141415.0,376741.0,47408.0,34.30880405624472,33.97510558702722,7.946781133985825
9815,2,WINE GROUP INC,202,5164591.0,8217675.42,3053084.42,3026468.675431281,578529.18,102791.0,792173.0,103795.0,37.1526528362202,36.82876873021204,7.632092104629318
7245,1,PROXIMO SPIRITS INC.,109,7588029.9,10516246.86,2928216.96,2889222.1799999997,1051387.77,87882.0,385991.0,53318.0,27.84469591654299,27.47389081355209,7.2394125811170715
9165,2,ULTRA BEVERAGE COMPANY LLP,627,6198022.67,9108151.81,2910129.14,2878199.9219004405,1371752.86,131533.0,423889.0,50474.0,31.950819449505858,31.600262950606666,8.398165392083053
4425,1,MARTIGNETTI COMPANIES,111,7198630.7700000005,9375258.09,2176627.32,2139181.9214693364,794256.0900000001,42792.0,207380.0,26906.0,23.21671893301446,22.81731234419101,7.707574518694715
8112,2,MOET HENNESSY USA INC,56,4291210.7,6355400.7,2064190.0,2042288.977667836,760755.13,29843.0,76001.0,10261.0,32.47930535678104,32.13470045512371,7.406782964623331
2000,2,SOUTHERN WINE & SPIRITS NE,367,3659907.2,5689024.81,2029117.61,2010511.3352624197,1037623.72,62235.0,223234.0,29655.0,35.667230813148805,35.340175204165085,7.527701905243635
10754,2,PERFECTA WINES,812,4706539.96,6719837.25,2013297.2899999998,1989438.1004231896,1710744.73,119778.0,231947.0,31942.0,29.960506707212286,29.605450644257637,7.26150522822616
8112,1,MOET HENNESSY USA INC,63,5181784.5,7191530.36,2009745.86,1983299.622332164,983472.0599999999,43538.0,142570.0,19151.0,27.946010923883524,27.57826947882292,7.444519868414182
10000,2,MAJESTIC FINE WINES,38,3506668.63,5375429.09,1868760.4600000002,1851172.87,493737.07999999996,56245.0,143435.0,19929.0,34.76486116199517,34.43767630464641,7.197300416478499
8673,2,STE MICHELLE WINE ESTATES,143,3086650.7,4903385.9,1816735.2,1800815.5,501934.55,61558.0,213978.0,28223.0,37.05062658845594,36.72595909695788,7.58168869361868
9819,2,TREASURY WINE ESTATES,107,2978686.4,4740218.38,1761531.98,1746695.41,524992.19,74178.0,290397.0,39772.0,37.16140985048879,36.84841646472836,7.301543799658051
9165,1,ULTRA BEVERAGE COMPANY LLP,278,7012591.26,8714786.64,1702195.38,1666069.8980995596,2103654.08,87130.0,282877.0,33560.0,19.532266827819893,19.117735946081172,8.42899284862932
3664,1,WILLIAM GRANT & SONS INC,81,5955611.2,7626680.1,1671068.9,1640860.5166497722,1294791.15,59328.0,225727.0,28511.0,21.910829851117,21.514741606243224,7.917189856546596
11567,1,CAMPARI AMERICA,70,4141720.71,5610527.4399999995,1468806.7299999997,1447841.92,688670.32,68123.0,210307.0,28622.0,26.1794768086902,25.805807662175877,7.347739501083083
9552,1,M S WALKER INC,148,5048214.92,6502703.69,1454488.77,1428844.8223311638,761117.91,77835.0,514936.0,65384.0,22.3674465166965,21.973088279087243,7.875565887678943
660,1,SAZERAC NORTH AMERICA INC.,80,3537977.55,4964325.14,1426347.59,1408415.26,340882.52,51433.0,407836.0,54331.0,28.731953483610866,28.370729561037578,7.5065064143858935
6785,2,PALM BAY INTERNATIONAL INC,144,2376561.63,3640054.33,1263492.7,1251490.3676158253,299789.89,42099.0,216049.0,28933.0,34.71081982449421,34.38109033981988,7.467217364255348
8892,2,TRINCHERO FAMILY ESTATES,143,2162241.27,3362650.0,1200408.73,1189275.9891295698,306897.67,46648.0,233639.0,32766.0,35.69829539202712,35.36722493062227,7.130531648660196
7153,2,PINE STATE TRADING CO,369,2151996.11,3307183.97,1155187.86,1144263.191175772,524109.82,57262.0,143982.0,19503.0,34.92965225034034,34.59932079846686,7.382556529764652
516,2,BANFI PRODUCTS CORP,136,1627531.68,2644261.3,1016729.62,1008226.1850320818,404009.76,55287.0,175589.0,23498.0,38.45042167353128,38.128840936865124,7.472508298578602
4692,2,KOBRAND CORPORATION,210,1695225.6300000001,2675183.27,979957.6399999999,971389.0241964828,353783.28,24806.0,83603.0,10950.0,36.63142076991233,36.31112062825075,7.634977168949772
3924,1,HEAVEN HILL DISTILLERIES,59,2771157.59,3744317.63,973160.04,959317.4746260335,326212.29,36800.0,228466.0,30940.0,25.99031749344406,25.620622218047068,7.384162895927602
8664,1,"STOLI GROUP,(USA) LLC",46,3617764.58,4592313.96,974549.3799999999,956251.2786881875,634606.12,71844.0,170675.0,21700.0,21.22131431972042,20.822863746192724,7.86520737327189
3252,1,E & J GALLO WINERY,55,2426516.08,3339828.25,913312.1699999999,901077.1416376828,475447.33,53430.0,168159.0,21907.0,27.34608194298614,26.979744890704566,7.676039622038618
1392,1,CONSTELLATION BRANDS INC,57,2769727.04,3672774.55,903047.5099999999,888903.7604643169,407696.39,45076.0,197434.0,25432.0,24.58761074784729,24.202513613701583,7.763211701793017
7239,1,REMY COINTREAU USA INC,39,3282304.84,4180111.31,897806.47,881195.4823015889,629821.59,24701.0,90223.0,11896.0,21.478051741162844,21.080670272906893,7.584314055144587
1590,2,DIAGEO CHATEAU ESTATE WINES,102,1321488.12,2130107.91,808619.7899999999,801593.8915944125,318385.27,38682.0,90306.0,12164.0,37.96144722076544,37.6316095457536,7.424038145346925
2242,2,DELICATO VINEYARDS INC,93,1561444.6300000001,2357727.88,796283.2499999999,788300.5999999999,204074.21,25834.0,215002.0,28000.0,33.7733313820762,33.43475753444455,7.678642857142857
2561,1,EDRINGTON AMERICAS,31,1882832.84,2632023.96,749191.12,739536.62,533284.34,12865.0,51920.0,7081.0,28.464449085030363,28.097640114188017,7.332297698065245
17035,2,PERNOD RICARD USA,78,1340491.91,2065462.01,724970.1000000001,718092.0634482261,276865.68,24244.0,83983.0,10983.0,35.09965792108663,34.766655594320326,7.646635709733224
8352,1,LUXCO INC,63,1967445.98,2687842.75,720396.77,710555.3011118878,297981.7,47518.0,183567.0,23987.0,26.80204301386307,26.43589551925565,7.652770250552383
6213,1,MHW LTD,91,1876549.81,2567214.33,690664.5199999999,681102.9786694802,343406.84,34955.0,104630.0,13736.0,26.90326677944338,26.53081866637447,7.617210250436808
653,2,STATE WINE & SPIRITS,196,1175973.1,1823293.56,647320.46,641158.7867695043,209625.93,23134.0,72752.0,9373.0,35.502810639006476,35.164868720838584,7.761869198762403
1587,2,VINEYARD BRANDS INC,79,1207114.32,1849561.49,642447.17,636377.08,199795.71,25600.0,90289.0,12074.0,34.735107401052126,34.40691663622386,7.47796918999503
1485,1,CASTLE BRANDS CORP.,26,1679383.91,2307511.25,628127.34,619629.75,204632.13,12418.0,87545.0,11714.0,27.220987113280593,26.85272932038793,7.473535939900973
2555,1,DISARONNO INTERNATIONAL LLC,12,1141947.85,1725427.16,583479.3099999999,577618.28,118287.57,13303.0,52948.0,6842.0,33.81651358727888,33.47682784824136,7.738672902660041
3089,1,SIDNEY FRANK IMPORTING CO,13,1715908.8800000001,2256371.25,540462.37,531912.8200000001,270407.02,27866.0,68506.0,8804.0,23.952723648646028,23.573816587141856,7.781235801908224
1128,2,BROWN-FORMAN CORP,18,777043.0800000001,1227222.34,450179.25999999995,446239.22345854464,122603.84000000001,11549.0,37304.0,5042.0,36.68277909608457,36.36172590034049,7.398651328837762
7153,1,PINE STATE TRADING CO,78,977075.48,1340333.1099999999,363257.62999999995,358297.4788242279,264090.37,21773.0,55332.0,7467.0,27.10204107395362,26.731972533620983,7.410204901566894
9744,2,FREDERICK WILDMAN & SONS,136,619256.69,941399.82,322143.13,318881.5777045079,238346.44999999998,20155.0,41069.0,5057.0,34.21958695509417,33.873129241145165,8.121218113506032
90024,2,VINILANDIA USA,187,548855.37,826960.05,278104.68,275302.04,150629.99,14623.0,32866.0,4537.0,33.62975998659185,33.2908512327772,7.243993828521049
480,2,BACARDI USA INC,13,485596.32,748247.9,262651.58,260191.51687792665,53181.8,8584.0,53368.0,6928.0,35.10221411914421,34.773437637168996,7.703233256351039
9206,1,PHILLIPS PRODUCTS CO.,28,430945.89,600363.7,169417.80999999997,167205.97999999995,85768.83,5213.0,34929.0,4981.0,28.219196130612158,27.85078111817886,7.012447299739009
4950,2,LATITUDE BEVERAGE COMPANY,43,316446.76,471551.11,155104.35,153494.35,49100.64,8044.0,28549.0,3754.0,32.89237300279073,32.550946598344346,7.604954714970698
10754,1,PERFECTA WINES,41,958961.57,1105666.91,146705.33999999997,141844.00957681035,341339.06,13986.0,18826.0,2561.0,13.26849331142595,12.828819266808878,7.351034752049981
1601,2,VRANKEN AMERICA,18,208330.15,341658.31,133328.16,132279.19,73174.46,3855.0,6705.0,881.0,39.02383056334851,38.716807444256226,7.610669693530079
90047,2,CRUSH WINES,153,287189.9,420237.07,133047.16999999998,131589.44,92921.21,7409.0,15768.0,2056.0,31.660027041403076,31.31314426878143,7.669260700389105
653,1,STATE WINE & SPIRITS,43,353708.94,475781.84,122072.90000000001,120219.59323049568,91809.56999999999,4354.0,15692.0,2033.0,25.65732647551239,25.267797785324397,7.718642400393507
4380,1,CHARLES JACQUIN ET CIE INC,12,323648.76,444062.37,120413.60999999999,118768.65850442616,40542.82,4264.0,33380.0,4490.0,27.116373314856645,26.745940779540984,7.434298440979956
8320,2,SHAW ROSS INT L IMP LTD,23,235369.37,351151.96,115782.59,114595.56665202277,33227.07,4177.0,22395.0,2866.0,32.97221806764228,32.63418112546567,7.814026517794836
8320,1,SHAW ROSS INT L IMP LTD,12,389610.27,505793.68,116183.40999999995,114218.51334797718,45624.43,3959.0,43380.0,5524.0,22.970514380488098,22.582036483329958,7.853005068790732
6359,1,OLE SMOKY DISTILLERY LLC,18,387622.69,498686.6,111063.90999999997,109141.90999999997,34297.689999999995,5421.0,26683.0,3318.0,22.271284209361145,21.88587180806542,8.04189270644967
12546,2,JIM BEAM BRANDS COMPANY,8,141725.11,238044.01,96318.90000000001,95593.49676370707,27146.46,3202.0,13303.0,1764.0,40.46264386152796,40.157908936127846,7.541383219954649
1703,2,ALISA CARR BEVERAGES,17,34951.68,118167.38,83215.7,83043.7,87704.16,893.0,429.0,63.0,70.42188800327128,70.27633175923846,6.809523809523809
9625,1,WESTERN SPIRITS BEVERAGE CO,21,361249.20999999996,443217.71,81968.50000000001,80035.31000000003,104578.0,13393.0,29244.0,3737.0,18.493958646192183,18.057786995921266,7.825528498795825
5992,1,MCCORMICK DISTILLING CO,31,310552.87,385759.72,75206.84999999999,73638.99999999999,49204.07,4254.0,19748.0,2576.0,19.495775764250347,19.089344009270846,7.666149068322981
17031,1,FLAG HILL WINERY & VINEYARD,12,240801.62,311246.09,70444.47,69183.31300579288,85599.48,4744.0,9855.0,1239.0,22.633045767739603,22.2278496754105,7.953995157384988
6785,1,PALM BAY INTERNATIONAL INC,15,317422.7,385009.19,67586.49,65983.41238417475,74537.31999999999,3576.0,16796.0,2235.0,17.554513439016873,17.138139581596675,7.5149888143176735
9744,1,FREDERICK WILDMAN & SONS,5,140192.55000000002,201644.75,61452.200000000004,60713.822295492064,37885.64,1678.0,6993.0,861.0,30.475477293606705,30.109299793568674,8.121951219512194
90032,2,LABELLE VYDS AND WINERY,10,146839.55,203067.69999999998,56228.15,55449.9,76538.79,6538.0,8251.0,1052.0,27.689361725178358,27.306115152729856,7.843155893536122
8352,2,LUXCO INC,3,83990.03,138445.02000000002,54454.990000000005,54034.85888811219,12421.86,2391.0,18430.0,2433.0,39.333296351143574,39.0298321226088,7.575010275380189
4692,1,KOBRAND CORPORATION,9,112920.7,165364.6,52443.9,51873.135803517085,26769.969999999998,2057.0,5928.0,798.0,31.71410326031085,31.368948253445467,7.428571428571429
4550,1,KLIN SPIRITS LLC,4,103484.29,147675.94,44191.649999999994,43660.149999999994,17722.739999999998,1109.0,10772.0,1335.0,29.924746035136117,29.564836357229208,8.068913857677902
90056,2,SWEET BABY VINEYARD,4,140577.9,184253.27000000002,43675.37000000001,42971.73000000001,26031.32,3123.0,11077.0,1393.0,23.70398636615785,23.32209897821624,7.951902368987796
7255,2,PSP WINES,31,128895.69,171646.56,42750.869999999995,42102.159999999996,46593.53,5339.0,10370.0,1299.0,24.906336602376417,24.52840301605811,7.98306389530408
7239,2,REMY COINTREAU USA INC,5,72653.44,114763.74,42110.3,41742.6176984112,17163.36,1976.0,5822.0,770.0,36.693035622575565,36.37265367825343,7.561038961038961
17031,2,FLAG HILL WINERY & VINEYARD,7,59601.579999999994,100561.03,40959.450000000004,40647.29699420712,18448.839999999997,2242.0,5085.0,625.0,40.730937222898376,40.420525718767124,8.136
17033,2,SEA BREEZE CELLARS LLC,16,108948.09,149564.94,40616.84999999999,40067.299999999996,42740.04,3066.0,4346.0,591.0,27.156665191722063,26.789232824216686,7.353637901861252
5270,1,MANGO BOTTLING INC,6,204510.38,244549.25,40038.87,39004.450000000004,14776.349999999999,2048.0,16760.0,2120.0,16.372518010175867,15.94952754915421,7.90566037735849
90010,2,VINEXTRA INC,38,102639.51,141335.79,38696.28,38171.340000000004,38447.9,2873.0,6162.0,805.0,27.378967492947115,27.007554137561335,7.6546583850931675
90058,2,ZORVINO VINEYARDS,6,86122.71,124189.59,38066.88,37618.2,30752.14,3743.0,7016.0,886.0,30.652230996172868,30.290944675797704,7.918735891647856
1655,1,FABRIZIA SPIRITS LLC,8,358390.62,396503.92,38113.3,36288.41,90990.81,6773.0,23636.0,3083.0,9.612338763258634,9.15209362873386,7.666558546869932
7749,2,R.P.IMPORTS INC,59,18776.87,54266.62,35489.75,35398.25,36293.09,882.0,577.0,73.0,65.39885845110678,65.230246512497,7.904109589041096
98450,1,Serralles Usa LLC,14,168993.61000000002,204150.93,35157.31999999997,34301.299999999974,46157.53,2078.0,10740.0,1509.0,17.221239207678344,16.801931786448378,7.117296222664016
4466,1,AMERICAN VINTAGE BEVERAGE,3,156357.28,190134.63,33777.34999999999,32983.43999999999,22896.32,2296.0,16188.0,2192.0,17.764964751555247,17.34741325133669,7.385036496350365
5455,1,MARSALLE COMPANY,7,179965.55,212056.8,32091.25,31181.07553554645,57089.81,2129.0,6901.0,897.0,15.133327485843417,14.704114904849291,7.693422519509476
17032,2,JEWELL TOWNE VINEYARDS,7,54332.369999999995,85230.82,30898.45,30614.84,28980.76,3457.0,4595.0,582.0,36.25267244876912,35.91991723181825,7.8951890034364265
9815,1,WINE GROUP INC,6,94045.79000000001,123490.3,29444.509999999995,28959.844568719298,10723.62,1666.0,17786.0,2311.0,23.843581236744907,23.45110876621022,7.696235395932497
90027,2,POVERTY LANE ORCHARDS,8,45269.009999999995,73642.09,28373.08,28143.2,7370.3099999999995,923.0,3558.0,470.0,38.528347036321215,38.21618859540787,7.5702127659574465
3924,2,HEAVEN HILL DISTILLERIES,4,45504.35,73860.66,28356.31,28129.005373966498,7493.459999999999,1327.0,5595.0,771.0,38.39162823619502,38.08388034166835,7.256809338521401
7240,2,"PREMIUM PORT WINES, INC.",2,59760.74,86057.76,26297.02,25995.82,11436.99,1515.0,5163.0,692.0,30.557407025235143,30.207409535177305,7.460982658959537
8735,2,SURVILLE ENTERPRISES CORP,18,37318.06,62703.89,25385.829999999998,25194.374683125065,7700.61,1275.0,4044.0,516.0,40.48525538048756,40.17992294118445,7.837209302325581
8150,1,SEA HAGG DISTILLERY LLC,8,188044.46,213422.4,25377.94,24442.42,39534.97,3075.0,8308.0,1183.0,11.890944905501954,11.452602913283704,7.022823330515638
6215,2,MOONLIGHT MEADERY,7,71357.59,95208.77,23851.179999999997,23485.57,39622.7,4428.0,4824.0,681.0,25.051452718063675,24.66744397601187,7.083700440528634
8664,2,"STOLI GROUP,(USA) LLC",3,48714.14,71533.64,22819.499999999993,22573.111311812383,4064.75,313.0,1797.0,227.0,31.90037582317913,31.555938313515686,7.916299559471366
7154,1,PREMIER DISTRIBUTORS,2,70156.88,92435.85,22278.969999999994,21920.122040602437,11086.36,644.0,5359.0,683.0,24.102088096771972,23.713875125941325,7.846266471449487
90011,2,FORTUNE WINE BROKERS LLC,57,45466.94,65561.35,20094.41,19863.288839735775,13938.32,1460.0,2897.0,392.0,30.649780701587137,30.297254159250492,7.39030612244898
1273,1,CALEDONIA SPIRITS INC,5,259604.69999999998,278648.38,19043.680000000022,17723.91000000002,40896.78,920.0,10270.0,1315.0,6.834304940154334,6.360672184779981,7.809885931558935
2496,1,DUGGANS DISTILLED PRODUCTS,5,184296.5,202338.62,18042.119999999995,17102.849999999995,49746.39,4128.0,9402.0,1247.0,8.916795024103653,8.452588042757233,7.539695268644747
4848,1,LAIRD & CO,8,103331.65,120760.99,17429.34,16898.108186580786,32137.84,2076.0,6677.0,891.0,14.432922419731737,13.993018926543071,7.493827160493828
8004,2,SAZERAC CO INC,4,30268.36,46466.9,16198.540000000003,16045.031815787697,4361.45,838.0,7517.0,998.0,34.860384488743605,34.53002420171713,7.532064128256513
90046,2,CANDIA VINEYARDS,5,36588.009999999995,52623.33,16035.320000000002,15841.190000000002,26187.56,2279.0,1706.0,226.0,30.471883858357124,30.102979039904927,7.548672566371682
388,1,ATLANTIC IMPORTING COMPANY,2,40475.24,55483.979999999996,15008.739999999996,14800.301420924825,14616.64,527.0,2090.0,260.0,27.05058288897083,26.674909443995954,8.038461538461538
8892,1,TRINCHERO FAMILY ESTATES,4,89970.04000000001,105219.81,15249.769999999997,14786.54087043009,18592.420000000002,914.0,3578.0,505.0,14.49324989277209,14.053000922953663,7.085148514851485
9622,1,WEIN BAUER INC,1,38350.8,49726.75,11375.949999999997,11180.102439644274,6563.52,344.0,2442.0,340.0,22.876922380811127,22.48307488352702,7.182352941176471
3960,2,DIAGEO NORTH AMERICA INC,2,11368.4,22539.18,11170.779999999999,11113.439830587844,2771.37,221.0,725.0,92.0,49.5616078313408,49.30720563298152,7.880434782608695
90037,1,THE PIERPONT GROUP LLC,2,3320.7200000000003,14396.67,11075.95,11059.686976085166,410.93,29.0,312.0,37.0,76.93411045748775,76.82114666853631,8.432432432432432
90053,2,INCREDIBREW INC,4,24525.84,35508.520000000004,10982.68,10858.240000000002,5386.280000000001,609.0,1747.0,231.0,30.929703631691773,30.579252528688887,7.562770562770563
1590,1,DIAGEO CHATEAU ESTATE WINES,1,43984.71,54922.979999999996,10938.269999999997,10704.41840558746,14505.779999999999,838.0,1379.0,192.0,19.91565279232845,19.489871827033895,7.182291666666667
17037,2,Dunn Wine Brokers,32,72055.3,83061.33,11006.029999999999,10647.999999999998,26470.93,1611.0,2509.0,313.0,13.250486116704366,12.81944317530191,8.015974440894569
12331,2,STELLAR IMPORTING CO LLC,15,24065.68,34818.99,10753.31,10636.480127035416,5764.79,726.0,1652.0,221.0,30.88346330551231,30.547928377691075,7.475113122171946
8920,1,TAKARA SAKE USA INC,1,28894.05,39507.49,10613.439999999999,10464.795203906702,3323.16,724.0,3925.0,535.0,26.86437432496977,26.488129729088595,7.336448598130841
9260,2,TY KU LLC,4,13230.94,21605.46,8374.519999999999,8306.892461687596,2767.6000000000004,359.0,1066.0,135.0,38.76112797413246,38.44811664129158,7.896296296296296
8920,2,TAKARA SAKE USA INC,2,16395.29,24575.480000000003,8180.190000000001,8095.844796093299,1333.3099999999997,290.0,1489.0,202.0,33.28598261356442,32.94277383836774,7.371287128712871
2450,1,DJINN SPIRITS LLC,6,48830.78,56731.229999999996,7900.450000000003,7649.170000000002,24594.8,1278.0,1778.0,224.0,13.926103840865082,13.483173201074617,7.9375
6830,1,PARK STREET IMPORTS LLC,9,69373.26,77327.7,7954.439999999994,7594.5969168674255,15611.220000000001,914.0,3550.0,443.0,10.286663123305095,9.821314893456583,8.01354401805869
6213,2,MHW LTD,1,11783.199999999999,19040.17,7256.969999999999,7196.931330519768,2188.75,425.0,1422.0,187.0,38.11399793174115,37.798671600725044,7.60427807486631
9751,1,VINEDREA WINES LLC,1,4657.6,11385.6,6728.0,6703.47,90.88000000000001,4.0,291.0,33.0,59.092186621697586,58.87673903878583,8.818181818181818
28750,1,SMOKY QUARTZ DISTILLERY LLC,4,69803.71,76449.10999999999,6645.3999999999905,6302.749999999991,33279.81,1543.0,2083.0,276.0,8.692579939779536,8.244373283089876,7.547101449275362
90017,2,THE IMPORTED GRAPE LLC,30,16093.77,22179.739999999998,6085.969999999999,6005.94,6428.95,866.0,1484.0,192.0,27.439320749476774,27.078495960728127,7.729166666666667
90011,1,FORTUNE WINE BROKERS LLC,2,1473.2299999999998,7391.58,5918.35,5910.861160264227,8934.179999999998,244.0,72.0,10.0,80.06880802210082,79.9674922041597,7.2
2396,1,BLACK PRINCE DISTILLERY INC,7,5971.94,11818.849999999999,5846.909999999999,5815.929999999999,119.42,27.0,540.0,68.0,49.47105682871006,49.208933187239026,7.9411764705882355
8663,1,STAR INDUSTRIES INC.,3,2452.29,7914.719999999999,5462.43,5449.990000000001,0.0,0.0,140.0,17.0,69.01608648189703,68.85891099116584,8.235294117647058
3950,1,"HOOD RIVER DISTILLERS, Inc.",7,24035.96,29403.29,5367.33,5249.8099999999995,496.61,20.0,648.0,83.0,18.254181759932305,17.854498595225227,7.807228915662651
3664,2,WILLIAM GRANT & SONS INC,1,5133.15,9148.17,4015.0200000000004,3988.9833502277284,536.8,16.0,176.0,21.0,43.88877775555112,43.604167284033075,8.380952380952381
105,1,ALTAMAR BRANDS LLC,3,11706.199999999999,15748.75,4042.5500000000015,3980.160000000001,5285.079999999999,148.0,432.0,57.0,25.669021350900874,25.272862925629024,7.578947368421052
8735,1,SURVILLE ENTERPRISES CORP,3,14007.71,17740.96,3733.249999999999,3661.3853168749333,3604.35,279.0,1256.0,152.0,21.043111533986885,20.638033775370292,8.263157894736842
6355,1,NICHE W & S,8,111031.77,114938.95999999999,3907.1899999999996,3355.979999999997,43137.57,2813.0,5571.0,788.0,3.3993608433554643,2.9197932537409397,7.069796954314721
90051,2,FULCHINO VINEYARD INC,2,11147.77,14441.64,3293.87,3238.96,5072.129999999999,423.0,620.0,74.0,22.80814367343321,22.427923698416524,8.378378378378379
388,2,ATLANTIC IMPORTING COMPANY,1,641.08,3788.77,3147.69,3144.38857907517,0.0,0.0,65.0,6.0,83.07946906251897,82.99233205169936,10.833333333333334
1650,2,Circa Wines,65,36949.17,39792.81,2843.6400000000003,2659.590251727556,16342.539999999999,1186.0,1520.0,217.0,7.146115089635541,6.683594980418714,7.0046082949308754
7154,2,PREMIER DISTRIBUTORS,5,14373.99,16655.49,2281.5,2207.9779593975545,6661.52,860.0,1784.0,218.0,13.69818600353397,13.256757738124511,8.18348623853211
90057,2,WALPOLE MTN VIEW WINERY,3,9292.31,11483.88,2191.5699999999997,2144.83,1651.29,0.0,631.0,74.0,19.08388105762164,18.676875759760637,8.527027027027026
9622,2,WEIN BAUER INC,5,5166.200000000001,7203.48,2037.2799999999995,2010.8975603557226,507.72,56.0,423.0,62.0,28.28188597733317,27.915640223277123,6.82258064516129
90052,2,HAUNTING WHISPER VYDS,2,5388.58,7325.89,1937.3100000000009,1909.7000000000007,3218.5599999999995,400.0,462.0,58.0,26.444705011950774,26.067822476176968,7.9655172413793105
201359,2,FLAVOR ESSENCE INC,1,17.0,1474.4099999999999,1457.4099999999999,1457.32,0.0,0.0,13.0,1.0,98.84699642568891,98.84089228911904,13.0
2876,2,CENTEUR IMPORTS LLC,10,6237.08,7474.81,1237.7300000000005,1206.2300000000002,1983.9499999999998,210.0,839.0,107.0,16.558681759135023,16.13726636529892,7.841121495327103
90037,2,THE PIERPONT GROUP LLC,9,2392.47,3540.54,1148.0700000000002,1136.3530239148358,1048.99,152.0,199.0,25.0,32.42640953074955,32.095471987743,7.96
1189,1,BULLY BOY DISTILLERS,6,117928.22,119484.52999999998,1556.3099999999913,946.9199999999925,25853.98,1174.0,5380.0,741.0,1.302520083562275,0.7925042681257504,7.2604588394062075
1265,1,BLACK ROCK SPIRITS LLC,1,1152.1,2049.18,897.0799999999999,891.29,0.0,0.0,153.0,19.0,43.77751100440176,43.49495895919343,8.052631578947368
5612,2,MILTONS DISTRIBUTING CO,24,1824.18,2661.69,837.51,828.05,477.15,73.0,183.0,23.0,31.465347204219874,31.109933914167314,7.956521739130435
28776,1,TALL SHIP DISTILLERY LLC,4,48445.58,49533.14,1087.5599999999959,827.6599999999962,23028.73,1059.0,2140.0,269.0,2.1956209519525633,1.670921730380905,7.955390334572491
660,2,SAZERAC NORTH AMERICA INC.,1,0.0,736.33,736.33,736.33,198.51999999999998,28.0,0.0,0.0,100.0,100.0,0.0
516,1,BANFI PRODUCTS CORP,2,1335.0,2064.32,729.3200000000003,722.3449679181849,529.2299999999999,23.0,90.0,12.0,35.329793830413905,34.99190861485549,7.5
200,2,AMERICAN SPIRITS EXCHANGE,2,1205.16,1719.9699999999998,514.8099999999998,508.6199999999998,361.53,41.0,66.0,8.0,29.931336011674613,29.57144601359325,8.25
1003,2,BRONCO WINE COMPANY,6,2071.9,2400.66,328.76,318.22999999999996,450.77,99.0,384.0,49.0,13.694567327318321,13.255937950396973,7.836734693877551
90026,2,SILVER MOUNTAIN CIDERS,2,77.17999999999999,381.48,304.29999999999995,303.93999999999994,8.44,1.0,17.0,2.0,79.76827094474152,79.67390164621997,8.5
90033,2,FANTASY FINE WINES CORP,1,128.64,327.59000000000003,198.95000000000005,198.34000000000003,26.799999999999997,5.0,15.0,2.0,60.73140205744987,60.54519368723099,7.5
1439,1,CAPSTONE INTERNATIONAL,1,54.64,246.87,192.23000000000002,191.96,0.0,0.0,8.0,1.0,77.86689350670393,77.75752420302183,8.0
4380,2,CHARLES JACQUIN ET CIE INC,2,5988.860000000001,6203.79,214.9299999999996,184.49149557383612,1861.48,279.0,939.0,147.0,3.4644950909041023,2.9738513968692706,6.387755102040816
6830,2,PARK STREET IMPORTS LLC,2,86.16,266.77,180.61,180.16308313256863,26.700000000000003,3.0,7.0,1.0,67.70251527533082,67.53498636749585,7.0
12331,1,STELLAR IMPORTING CO LLC,3,494.4,661.64,167.23999999999995,164.83987296458315,351.17999999999995,26.0,29.0,4.0,25.276585454325605,24.913831232178097,7.25
172662,1,SWEETWATER FARM,5,34708.03,35049.63,341.599999999999,163.25999999999897,8471.6,392.0,1153.0,149.0,0.974617991687784,0.46579664321705816,7.738255033557047
90034,2,EXCLUSIVE WINES & SPIRITS,1,0.0,55.98,55.98,55.98,0.0,0.0,0.0,0.0,100.0,100.0,0.0
9710,1,WHYTE & MACKAY,1,0.0,31.98,31.98,31.98,0.0,0.0,0.0,0.0,100.0,100.0,0.0
1002,1,BERNIKO LLC,1,0.0,16.99,16.99,16.99,0.0,0.0,0.0,0.0,100.0,100.0,0.0
54,1,AAPER ALCOHOL & CHEMICAL CO,1,105.07,0.0,-105.07,-105.55,105.07,1.0,10.0,1.0,0.0,0.0,10.0
4901,2,LAUREATE IMPORTS CO,1,140.94,0.0,-140.94,-141.66,140.94,29.0,10.0,1.0,0.0,0.0,10.0
2000,1,SOUTHERN WINE & SPIRITS NE,9,80710.18000000001,80909.52,199.34000000000287,-210.9752624196458,69878.48,1857.0,3168.0,409.0,0.24637397428634217,-0.26075455943830317,7.745721271393643
9099,2,TRUETT HURST,1,236.64,14.99,-221.64999999999998,-222.89999999999998,226.77999999999997,23.0,5.0,1.0,-1478.6524349566375,-1486.991327551701,5.0
10050,1,Russian Standard Vodka,11,138907.27,139327.43,420.1599999999964,-312.44000000000165,68079.36,4158.0,5380.0,661.0,0.3015630159832823,-0.22424873551460875,8.139183055975794
99166,1,STARK BREWING COMPANY,1,25961.04,25371.54,-589.5,-719.59,7839.72,366.0,348.0,41.0,-2.3234695253027606,-2.8362093905218213,8.487804878048781
287,2,APPOLO VINEYARDS LLC,2,2399.7,1616.92,-782.7800000000001,-795.0600000000002,4674.25,448.0,134.0,18.0,-48.411795265071866,-49.171263884422245,7.444444444444445
1650,1,Circa Wines,2,5605.169999999999,4825.9400000000005,-779.229999999999,-807.1502517275549,2084.91,61.0,99.0,16.0,-16.146698881461415,-16.725244236926997,6.1875
173357,1,TAMWORTH DISTILLING,4,41036.44,40021.12,-1015.3199999999988,-1217.8199999999988,12664.52,608.0,1271.0,153.0,-2.5369604848639886,-3.042943325923909,8.30718954248366
5083,2,LOYAL DOG WINERY,1,2320.8,1111.26,-1209.5400000000002,-1220.2200000000003,1605.22,166.0,119.0,20.0,-108.84401490200315,-109.80508611846017,5.95
3551,2,GILMANTON WINERY & VINEYARD,2,5393.04,3837.6000000000004,-1555.4399999999998,-1582.0699999999997,2885.74,276.0,344.0,43.0,-40.531582238899304,-41.225505524286,8.0
6280,2,UNCORKED,7,2966.3100000000004,1124.3799999999999,-1841.9300000000003,-1857.1900000000003,2350.55,187.0,133.0,16.0,-163.8173926964194,-165.17458510467995,8.3125
5455,2,MARSALLE COMPANY,1,5345.639999999999,3196.8,-2148.8399999999992,-2175.8755355464496,2280.0399999999995,238.0,322.0,40.0,-67.21846846846844,-68.06417466048703,8.05
9260,1,TY KU LLC,2,25690.53,22536.14,-3154.389999999999,-3285.702461687597,11851.44,623.0,905.0,116.0,-13.997028772451712,-14.579703807695537,7.801724137931035
3951,2,HIGHLAND WINE MERCHANTS LLC,11,5500.32,1533.68,-3966.6400000000003,-3996.07,4461.23,283.0,149.0,28.0,-258.6354389442387,-260.55435292890303,5.321428571428571
2,2,"IRA GOLDMAN AND WILLIAMS, LLP",2,5630.88,1265.58,-4365.299999999999,-4392.379999999999,4189.16,244.0,125.0,13.0,-344.9248565874934,-347.0645869877842,9.615384615384615
4848,2,LAIRD & CO,8,99679.93,92347.1,-7332.829999999997,-7845.288186580781,4888.08,1044.0,4466.0,582.0,-7.940509230934156,-8.495435359183755,7.673539518900344
90059,1,BLACK COVE BEVERAGES,1,14465.06,6256.869999999999,-8208.19,-8283.03,9538.44,606.0,410.0,44.0,-131.18683942610286,-132.38296464526195,9.318181818181818
60,1,ADAMBA IMPORTS INTL INC,3,76770.25,67576.22,-9194.030000000002,-9561.550000000003,12389.599999999999,764.0,4761.0,626.0,-13.605422144061924,-14.149282099531465,7.605431309904153
